<?xml version="1.0" encoding="utf-8"?>
<config>
    <feature name="com.google.android.apps.photos.NEXUS_PRELOAD" />
    <feature name="com.google.android.apps.photos.nexus_preload" />
    <feature name="com.google.android.apps.photos.PIXEL_2017_PRELOAD" />
    <feature name="com.google.android.apps.photos.PIXEL_2018_PRELOAD" />
    <feature name="com.google.android.apps.photos.PIXEL_2019_PRELOAD" />
    <feature name="com.google.android.apps.photos.PIXEL_2019_MIDYEAR_PRELOAD" />
    <feature name="com.google.android.feature.PIXEL_2017_EXPERIENCE" />
    <feature name="com.google.android.feature.PIXEL_2018_EXPERIENCE" />
    <feature name="com.google.android.feature.PIXEL_2019_EXPERIENCE" />
    <feature name="com.google.android.feature.PIXEL_2019_MIDYEAR_EXPERIENCE" />
    <feature name="com.google.android.feature.PIXEL_2020_EXPERIENCE" />
    <feature name="com.google.android.feature.PIXEL_2020_MIDYEAR_EXPERIENCE" />
    <feature name="com.google.android.feature.PIXEL_2021_EXPERIENCE" />
    <feature name="com.google.android.feature.PIXEL_2021_MIDYEAR_EXPERIENCE" />
    <feature name="com.google.android.feature.PIXEL_2022_EXPERIENCE" />
    <feature name="com.google.android.feature.PIXEL_2022_MIDYEAR_EXPERIENCE" />
    <feature name="com.google.android.feature.PIXEL_2023_EXPERIENCE" />
    <feature name="com.google.android.feature.PIXEL_2023_MIDYEAR_EXPERIENCE" />
    <feature name="com.google.android.feature.PIXEL_2024_EXPERIENCE" />
    <feature name="com.google.android.feature.PIXEL_2024_MIDYEAR_EXPERIENCE" />
    <feature name="com.google.android.feature.LILY_EXPERIENCE" />
    <feature name="com.google.android.feature.ANDROID_ONE_EXPERIENCE" />
    <feature name="com.google.android.feature.PIXEL_EXPERIENCE" />
    <feature name="com.google.android.feature.GOOGLE_EXPERIENCE" />
    <feature name="com.google.android.feature.GOOGLE_BUILD" />
</config>
